fen,target
rnbq1rk1/ppp1bppp/3p1n2/8/2PP4/2N1PN2/PP3PPP/R1BQ1RK1 w - - 0 9,210.838461019663
rnbqkbnr/pppppppp/8/8/8/8/PPPPPPPP/RNBQKBNR w KQkq - 0 1,71.17839598227806
r1bqkbnr/pppp1ppp/2n5/4p3/2B1P3/5N2/PPPP1PPP/RNBQK2R w KQkq - 2 3,-264.5977523433306
rnbq1rk1/ppp1bppp/3p1n2/8/2PP4/2N1PN2/PP3PPP/R1BQ1RK1 w - - 0 9,318.84128093670574
rnbq1rk1/ppp1bppp/3p1n2/8/2PP4/2N1PN2/PP3PPP/R1BQ1RK1 w - - 0 9,102.67964118311886
r1bqkbnr/pppp1ppp/2n5/4p3/2B1P3/5N2/PPPP1PPP/RNBQK2R w KQkq - 2 3,-62.39826658375847
rnbqkbnr/pppppppp/8/8/8/8/PPPPPPPP/RNBQKBNR w KQkq - 0 1,147.0971075722748
rnbq1rk1/ppp1bppp/3p1n2/8/2PP4/2N1PN2/PP3PPP/R1BQ1RK1 w - - 0 9,413.59743261129836
rnbqkbnr/pppppppp/8/8/8/8/PPPPPPPP/RNBQKBNR w KQkq - 0 1,339.3175063241091
r2q1rk1/pp1b1pbp/2n2np1/2p5/2P1P3/2N1BPN1/PP1QB1BP/R4RK1 w - - 0 12,-401.1500861338993
8/8/8/8/8/8/8/8 w - - 0 1,464.89802386482825
r1bqkbnr/pppp1ppp/2n5/4p3/2B1P3/5N2/PPPP1PPP/RNBQK2R w KQkq - 2 3,330.1513363995457
r1bqkbnr/pppp1ppp/2n5/4p3/2B1P3/5N2/PPPP1PPP/RNBQK2R w KQkq - 2 3,-14.723351085100603
rnbq1rk1/ppp1bppp/3p1n2/8/2PP4/2N1PN2/PP3PPP/R1BQ1RK1 w - - 0 9,-95.33074836895804
r1bqkbnr/pppp1ppp/2n5/4p3/2B1P3/5N2/PPPP1PPP/RNBQK2R w KQkq - 2 3,-220.0271451983433
rnbqkbnr/pppppppp/8/8/8/8/PPPPPPPP/RNBQKBNR w KQkq - 0 1,-36.844355234116335
r1bqkbnr/pppp1ppp/2n5/4p3/2B1P3/5N2/PPPP1PPP/RNBQK2R w KQkq - 2 3,-137.35358266840672
r2q1rk1/pp1b1pbp/2n2np1/2p5/2P1P3/2N1BPN1/PP1QB1BP/R4RK1 w - - 0 12,465.37235931357566
r2q1rk1/pp1b1pbp/2n2np1/2p5/2P1P3/2N1BPN1/PP1QB1BP/R4RK1 w - - 0 12,-349.5420465321754
rnbqkbnr/pppppppp/8/8/8/8/PPPPPPPP/RNBQKBNR w KQkq - 0 1,-183.37064740614994
r2q1rk1/pp1b1pbp/2n2np1/2p5/2P1P3/2N1BPN1/PP1QB1BP/R4RK1 w - - 0 12,448.66518011510914
r1bqkbnr/pppp1ppp/2n5/4p3/2B1P3/5N2/PPPP1PPP/RNBQK2R w KQkq - 2 3,-339.98662649749
rnbq1rk1/ppp1bppp/3p1n2/8/2PP4/2N1PN2/PP3PPP/R1BQ1RK1 w - - 0 9,32.086229646311494
rnbqkbnr/pppppppp/8/8/8/8/PPPPPPPP/RNBQKBNR w KQkq - 0 1,-292.43467446305715
r2q1rk1/pp1b1pbp/2n2np1/2p5/2P1P3/2N1BPN1/PP1QB1BP/R4RK1 w - - 0 12,440.7521793387965
r2q1rk1/pp1b1pbp/2n2np1/2p5/2P1P3/2N1BPN1/PP1QB1BP/R4RK1 w - - 0 12,-329.705889962294
r1bqkbnr/pppp1ppp/2n5/4p3/2B1P3/5N2/PPPP1PPP/RNBQK2R w KQkq - 2 3,-171.03314229224532
8/8/8/8/8/8/8/8 w - - 0 1,-326.8706438660664
rnbqkbnr/pppppppp/8/8/8/8/PPPPPPPP/RNBQKBNR w KQkq - 0 1,-403.0505484302329
r2q1rk1/pp1b1pbp/2n2np1/2p5/2P1P3/2N1BPN1/PP1QB1BP/R4RK1 w - - 0 12,-284.24725686930884
r1bqkbnr/pppp1ppp/2n5/4p3/2B1P3/5N2/PPPP1PPP/RNBQK2R w KQkq - 2 3,157.25907779347529
r2q1rk1/pp1b1pbp/2n2np1/2p5/2P1P3/2N1BPN1/PP1QB1BP/R4RK1 w - - 0 12,275.34638755095705
rnbqkbnr/pppppppp/8/8/8/8/PPPPPPPP/RNBQKBNR w KQkq - 0 1,-16.48657722205172
r2q1rk1/pp1b1pbp/2n2np1/2p5/2P1P3/2N1BPN1/PP1QB1BP/R4RK1 w - - 0 12,430.8230292996609
r1bqkbnr/pppp1ppp/2n5/4p3/2B1P3/5N2/PPPP1PPP/RNBQK2R w KQkq - 2 3,89.74148204642586
rnbqkbnr/pppppppp/8/8/8/8/PPPPPPPP/RNBQKBNR w KQkq - 0 1,-163.88089048062284
rnbq1rk1/ppp1bppp/3p1n2/8/2PP4/2N1PN2/PP3PPP/R1BQ1RK1 w - - 0 9,-123.47005122621448
rnbqkbnr/pppppppp/8/8/8/8/PPPPPPPP/RNBQKBNR w KQkq - 0 1,-297.8209431867631
r2q1rk1/pp1b1pbp/2n2np1/2p5/2P1P3/2N1BPN1/PP1QB1BP/R4RK1 w - - 0 12,34.59810103039047
rnbqkbnr/pppppppp/8/8/8/8/PPPPPPPP/RNBQKBNR w KQkq - 0 1,479.9775431821706
rnbqkbnr/pppppppp/8/8/8/8/PPPPPPPP/RNBQKBNR w KQkq - 0 1,473.4419717787756
rnbqkbnr/pppppppp/8/8/8/8/PPPPPPPP/RNBQKBNR w KQkq - 0 1,319.66870653626677
r1bqkbnr/pppp1ppp/2n5/4p3/2B1P3/5N2/PPPP1PPP/RNBQK2R w KQkq - 2 3,320.3669948946782
r1bqkbnr/pppp1ppp/2n5/4p3/2B1P3/5N2/PPPP1PPP/RNBQK2R w KQkq - 2 3,-222.89572142288438
r2q1rk1/pp1b1pbp/2n2np1/2p5/2P1P3/2N1BPN1/PP1QB1BP/R4RK1 w - - 0 12,-389.50977224029435
rnbqkbnr/pppppppp/8/8/8/8/PPPPPPPP/RNBQKBNR w KQkq - 0 1,457.27029939033036
8/8/8/8/8/8/8/8 w - - 0 1,-198.75836955213322
r1bqkbnr/pppp1ppp/2n5/4p3/2B1P3/5N2/PPPP1PPP/RNBQK2R w KQkq - 2 3,125.87832275713708
r2q1rk1/pp1b1pbp/2n2np1/2p5/2P1P3/2N1BPN1/PP1QB1BP/R4RK1 w - - 0 12,-38.105531184468816
r1bqkbnr/pppp1ppp/2n5/4p3/2B1P3/5N2/PPPP1PPP/RNBQK2R w KQkq - 2 3,-470.3011127942507
r2q1rk1/pp1b1pbp/2n2np1/2p5/2P1P3/2N1BPN1/PP1QB1BP/R4RK1 w - - 0 12,390.6446820652019
r1bqkbnr/pppp1ppp/2n5/4p3/2B1P3/5N2/PPPP1PPP/RNBQK2R w KQkq - 2 3,-343.2675524984007
rnbq1rk1/ppp1bppp/3p1n2/8/2PP4/2N1PN2/PP3PPP/R1BQ1RK1 w - - 0 9,2.8864351548841682
8/8/8/8/8/8/8/8 w - - 0 1,111.97742518863515
8/8/8/8/8/8/8/8 w - - 0 1,35.39245743796937
rnbqkbnr/pppppppp/8/8/8/8/PPPPPPPP/RNBQKBNR w KQkq - 0 1,256.0680089111099
r1bqkbnr/pppp1ppp/2n5/4p3/2B1P3/5N2/PPPP1PPP/RNBQK2R w KQkq - 2 3,179.20125199821075
rnbqkbnr/pppppppp/8/8/8/8/PPPPPPPP/RNBQKBNR w KQkq - 0 1,370.5143899998019
rnbqkbnr/pppppppp/8/8/8/8/PPPPPPPP/RNBQKBNR w KQkq - 0 1,305.0186685367238
8/8/8/8/8/8/8/8 w - - 0 1,422.29220496994003
8/8/8/8/8/8/8/8 w - - 0 1,300.1115642870667
rnbq1rk1/ppp1bppp/3p1n2/8/2PP4/2N1PN2/PP3PPP/R1BQ1RK1 w - - 0 9,-61.00542346749461
rnbq1rk1/ppp1bppp/3p1n2/8/2PP4/2N1PN2/PP3PPP/R1BQ1RK1 w - - 0 9,96.85931839339332
rnbqkbnr/pppppppp/8/8/8/8/PPPPPPPP/RNBQKBNR w KQkq - 0 1,-446.3424995708829
8/8/8/8/8/8/8/8 w - - 0 1,499.52208617019176
r2q1rk1/pp1b1pbp/2n2np1/2p5/2P1P3/2N1BPN1/PP1QB1BP/R4RK1 w - - 0 12,467.2450542721739
r2q1rk1/pp1b1pbp/2n2np1/2p5/2P1P3/2N1BPN1/PP1QB1BP/R4RK1 w - - 0 12,-261.1382656592191
8/8/8/8/8/8/8/8 w - - 0 1,464.65592225918147
r2q1rk1/pp1b1pbp/2n2np1/2p5/2P1P3/2N1BPN1/PP1QB1BP/R4RK1 w - - 0 12,-149.37952185927452
rnbqkbnr/pppppppp/8/8/8/8/PPPPPPPP/RNBQKBNR w KQkq - 0 1,-453.6140828447317
8/8/8/8/8/8/8/8 w - - 0 1,-177.64626378427351
rnbqkbnr/pppppppp/8/8/8/8/PPPPPPPP/RNBQKBNR w KQkq - 0 1,63.98036464397751
8/8/8/8/8/8/8/8 w - - 0 1,-256.86493366853404
r2q1rk1/pp1b1pbp/2n2np1/2p5/2P1P3/2N1BPN1/PP1QB1BP/R4RK1 w - - 0 12,446.47094919383153
r1bqkbnr/pppp1ppp/2n5/4p3/2B1P3/5N2/PPPP1PPP/RNBQK2R w KQkq - 2 3,-25.360902571791883
r1bqkbnr/pppp1ppp/2n5/4p3/2B1P3/5N2/PPPP1PPP/RNBQK2R w KQkq - 2 3,-408.29802246750467
rnbqkbnr/pppppppp/8/8/8/8/PPPPPPPP/RNBQKBNR w KQkq - 0 1,87.81332127974406
r2q1rk1/pp1b1pbp/2n2np1/2p5/2P1P3/2N1BPN1/PP1QB1BP/R4RK1 w - - 0 12,-29.758860242550497
r2q1rk1/pp1b1pbp/2n2np1/2p5/2P1P3/2N1BPN1/PP1QB1BP/R4RK1 w - - 0 12,289.029936816533
rnbqkbnr/pppppppp/8/8/8/8/PPPPPPPP/RNBQKBNR w KQkq - 0 1,-479.58123617659555
rnbqkbnr/pppppppp/8/8/8/8/PPPPPPPP/RNBQKBNR w KQkq - 0 1,41.421413790232805
r2q1rk1/pp1b1pbp/2n2np1/2p5/2P1P3/2N1BPN1/PP1QB1BP/R4RK1 w - - 0 12,-27.369530454164988
r2q1rk1/pp1b1pbp/2n2np1/2p5/2P1P3/2N1BPN1/PP1QB1BP/R4RK1 w - - 0 12,177.18203955812203
rnbqkbnr/pppppppp/8/8/8/8/PPPPPPPP/RNBQKBNR w KQkq - 0 1,116.7379627505087
rnbqkbnr/pppppppp/8/8/8/8/PPPPPPPP/RNBQKBNR w KQkq - 0 1,108.87169393313081
8/8/8/8/8/8/8/8 w - - 0 1,-290.9844030045339
8/8/8/8/8/8/8/8 w - - 0 1,9.39410383057617
r2q1rk1/pp1b1pbp/2n2np1/2p5/2P1P3/2N1BPN1/PP1QB1BP/R4RK1 w - - 0 12,-20.426051194887066
r1bqkbnr/pppp1ppp/2n5/4p3/2B1P3/5N2/PPPP1PPP/RNBQK2R w KQkq - 2 3,152.66318834185927
r2q1rk1/pp1b1pbp/2n2np1/2p5/2P1P3/2N1BPN1/PP1QB1BP/R4RK1 w - - 0 12,-443.60205547099565
8/8/8/8/8/8/8/8 w - - 0 1,-77.20963963652628
rnbq1rk1/ppp1bppp/3p1n2/8/2PP4/2N1PN2/PP3PPP/R1BQ1RK1 w - - 0 9,-365.3183650096479
rnbqkbnr/pppppppp/8/8/8/8/PPPPPPPP/RNBQKBNR w KQkq - 0 1,-48.27537328356959
rnbq1rk1/ppp1bppp/3p1n2/8/2PP4/2N1PN2/PP3PPP/R1BQ1RK1 w - - 0 9,-229.89808866173655
r2q1rk1/pp1b1pbp/2n2np1/2p5/2P1P3/2N1BPN1/PP1QB1BP/R4RK1 w - - 0 12,126.34865396049724
rnbqkbnr/pppppppp/8/8/8/8/PPPPPPPP/RNBQKBNR w KQkq - 0 1,325.6643670332953
8/8/8/8/8/8/8/8 w - - 0 1,133.8986508824505
r1bqkbnr/pppp1ppp/2n5/4p3/2B1P3/5N2/PPPP1PPP/RNBQK2R w KQkq - 2 3,9.436893349141656
rnbq1rk1/ppp1bppp/3p1n2/8/2PP4/2N1PN2/PP3PPP/R1BQ1RK1 w - - 0 9,-478.1605482760707
rnbqkbnr/pppppppp/8/8/8/8/PPPPPPPP/RNBQKBNR w KQkq - 0 1,-377.26193371125004
rnbqkbnr/pppppppp/8/8/8/8/PPPPPPPP/RNBQKBNR w KQkq - 0 1,312.28537488454594
r1bqkbnr/pppp1ppp/2n5/4p3/2B1P3/5N2/PPPP1PPP/RNBQK2R w KQkq - 2 3,-57.66674667907688
r1bqkbnr/pppp1ppp/2n5/4p3/2B1P3/5N2/PPPP1PPP/RNBQK2R w KQkq - 2 3,-159.2516942188268
r1bqkbnr/pppp1ppp/2n5/4p3/2B1P3/5N2/PPPP1PPP/RNBQK2R w KQkq - 2 3,-245.53559800631908
rnbq1rk1/ppp1bppp/3p1n2/8/2PP4/2N1PN2/PP3PPP/R1BQ1RK1 w - - 0 9,80.41356773438997
r2q1rk1/pp1b1pbp/2n2np1/2p5/2P1P3/2N1BPN1/PP1QB1BP/R4RK1 w - - 0 12,124.00440974966205
rnbqkbnr/pppppppp/8/8/8/8/PPPPPPPP/RNBQKBNR w KQkq - 0 1,-298.4509140073387
8/8/8/8/8/8/8/8 w - - 0 1,268.1665888338199
rnbqkbnr/pppppppp/8/8/8/8/PPPPPPPP/RNBQKBNR w KQkq - 0 1,-289.7461843634618
r1bqkbnr/pppp1ppp/2n5/4p3/2B1P3/5N2/PPPP1PPP/RNBQK2R w KQkq - 2 3,-172.51192812070894
r2q1rk1/pp1b1pbp/2n2np1/2p5/2P1P3/2N1BPN1/PP1QB1BP/R4RK1 w - - 0 12,316.64629012050796
r1bqkbnr/pppp1ppp/2n5/4p3/2B1P3/5N2/PPPP1PPP/RNBQK2R w KQkq - 2 3,331.12667614220436
r1bqkbnr/pppp1ppp/2n5/4p3/2B1P3/5N2/PPPP1PPP/RNBQK2R w KQkq - 2 3,-290.0918781479912
r2q1rk1/pp1b1pbp/2n2np1/2p5/2P1P3/2N1BPN1/PP1QB1BP/R4RK1 w - - 0 12,-370.4615595991604
rnbq1rk1/ppp1bppp/3p1n2/8/2PP4/2N1PN2/PP3PPP/R1BQ1RK1 w - - 0 9,-478.05471617643013
r2q1rk1/pp1b1pbp/2n2np1/2p5/2P1P3/2N1BPN1/PP1QB1BP/R4RK1 w - - 0 12,-184.86287679525947
8/8/8/8/8/8/8/8 w - - 0 1,-156.9032338375207
8/8/8/8/8/8/8/8 w - - 0 1,187.70058194837645
rnbq1rk1/ppp1bppp/3p1n2/8/2PP4/2N1PN2/PP3PPP/R1BQ1RK1 w - - 0 9,-42.4910534674936
rnbqkbnr/pppppppp/8/8/8/8/PPPPPPPP/RNBQKBNR w KQkq - 0 1,283.0702872465406
r2q1rk1/pp1b1pbp/2n2np1/2p5/2P1P3/2N1BPN1/PP1QB1BP/R4RK1 w - - 0 12,-276.9127310072231
r1bqkbnr/pppp1ppp/2n5/4p3/2B1P3/5N2/PPPP1PPP/RNBQK2R w KQkq - 2 3,295.01776507107127
8/8/8/8/8/8/8/8 w - - 0 1,-398.1777049136449
r2q1rk1/pp1b1pbp/2n2np1/2p5/2P1P3/2N1BPN1/PP1QB1BP/R4RK1 w - - 0 12,-487.3583408508571
r2q1rk1/pp1b1pbp/2n2np1/2p5/2P1P3/2N1BPN1/PP1QB1BP/R4RK1 w - - 0 12,415.7286715669925
r2q1rk1/pp1b1pbp/2n2np1/2p5/2P1P3/2N1BPN1/PP1QB1BP/R4RK1 w - - 0 12,465.40263255758384
rnbq1rk1/ppp1bppp/3p1n2/8/2PP4/2N1PN2/PP3PPP/R1BQ1RK1 w - - 0 9,458.7546809581546
r2q1rk1/pp1b1pbp/2n2np1/2p5/2P1P3/2N1BPN1/PP1QB1BP/R4RK1 w - - 0 12,-164.1488243405097
rnbqkbnr/pppppppp/8/8/8/8/PPPPPPPP/RNBQKBNR w KQkq - 0 1,-446.4139279877636
8/8/8/8/8/8/8/8 w - - 0 1,404.76650642895993
r2q1rk1/pp1b1pbp/2n2np1/2p5/2P1P3/2N1BPN1/PP1QB1BP/R4RK1 w - - 0 12,231.52020367588557
r1bqkbnr/pppp1ppp/2n5/4p3/2B1P3/5N2/PPPP1PPP/RNBQK2R w KQkq - 2 3,-307.38072885446667
8/8/8/8/8/8/8/8 w - - 0 1,-421.3831703704793
r1bqkbnr/pppp1ppp/2n5/4p3/2B1P3/5N2/PPPP1PPP/RNBQK2R w KQkq - 2 3,409.068105561822
rnbqkbnr/pppppppp/8/8/8/8/PPPPPPPP/RNBQKBNR w KQkq - 0 1,117.49827839025943
8/8/8/8/8/8/8/8 w - - 0 1,-493.3808289813091
rnbq1rk1/ppp1bppp/3p1n2/8/2PP4/2N1PN2/PP3PPP/R1BQ1RK1 w - - 0 9,234.4025511109985
r2q1rk1/pp1b1pbp/2n2np1/2p5/2P1P3/2N1BPN1/PP1QB1BP/R4RK1 w - - 0 12,6.852135766617494
rnbq1rk1/ppp1bppp/3p1n2/8/2PP4/2N1PN2/PP3PPP/R1BQ1RK1 w - - 0 9,56.90907855219257
8/8/8/8/8/8/8/8 w - - 0 1,-478.823217568623
rnbqkbnr/pppppppp/8/8/8/8/PPPPPPPP/RNBQKBNR w KQkq - 0 1,247.460750722709
rnbq1rk1/ppp1bppp/3p1n2/8/2PP4/2N1PN2/PP3PPP/R1BQ1RK1 w - - 0 9,-297.68163909438454
8/8/8/8/8/8/8/8 w - - 0 1,-243.98024675730522
r1bqkbnr/pppp1ppp/2n5/4p3/2B1P3/5N2/PPPP1PPP/RNBQK2R w KQkq - 2 3,278.0271563354165
rnbqkbnr/pppppppp/8/8/8/8/PPPPPPPP/RNBQKBNR w KQkq - 0 1,345.9939809227569
r2q1rk1/pp1b1pbp/2n2np1/2p5/2P1P3/2N1BPN1/PP1QB1BP/R4RK1 w - - 0 12,248.77976640700535
rnbqkbnr/pppppppp/8/8/8/8/PPPPPPPP/RNBQKBNR w KQkq - 0 1,384.7082281745355
r2q1rk1/pp1b1pbp/2n2np1/2p5/2P1P3/2N1BPN1/PP1QB1BP/R4RK1 w - - 0 12,-336.4774654102729
r2q1rk1/pp1b1pbp/2n2np1/2p5/2P1P3/2N1BPN1/PP1QB1BP/R4RK1 w - - 0 12,1.442518290087321
r2q1rk1/pp1b1pbp/2n2np1/2p5/2P1P3/2N1BPN1/PP1QB1BP/R4RK1 w - - 0 12,112.96591042656132
r2q1rk1/pp1b1pbp/2n2np1/2p5/2P1P3/2N1BPN1/PP1QB1BP/R4RK1 w - - 0 12,-32.907013651073385
rnbqkbnr/pppppppp/8/8/8/8/PPPPPPPP/RNBQKBNR w KQkq - 0 1,356.4078085165505
r1bqkbnr/pppp1ppp/2n5/4p3/2B1P3/5N2/PPPP1PPP/RNBQK2R w KQkq - 2 3,-489.4224016748795
8/8/8/8/8/8/8/8 w - - 0 1,-103.73196076422488
r1bqkbnr/pppp1ppp/2n5/4p3/2B1P3/5N2/PPPP1PPP/RNBQK2R w KQkq - 2 3,-57.35115849140891
r2q1rk1/pp1b1pbp/2n2np1/2p5/2P1P3/2N1BPN1/PP1QB1BP/R4RK1 w - - 0 12,411.2972879376697
8/8/8/8/8/8/8/8 w - - 0 1,-366.66060616594143
8/8/8/8/8/8/8/8 w - - 0 1,22.729456700626088
r2q1rk1/pp1b1pbp/2n2np1/2p5/2P1P3/2N1BPN1/PP1QB1BP/R4RK1 w - - 0 12,-72.74523178937363
8/8/8/8/8/8/8/8 w - - 0 1,-187.3680689727306
rnbqkbnr/pppppppp/8/8/8/8/PPPPPPPP/RNBQKBNR w KQkq - 0 1,-417.63715095048383
8/8/8/8/8/8/8/8 w - - 0 1,-457.12306187340357
rnbqkbnr/pppppppp/8/8/8/8/PPPPPPPP/RNBQKBNR w KQkq - 0 1,147.58764661010696
rnbqkbnr/pppppppp/8/8/8/8/PPPPPPPP/RNBQKBNR w KQkq - 0 1,485.9861153338684
r2q1rk1/pp1b1pbp/2n2np1/2p5/2P1P3/2N1BPN1/PP1QB1BP/R4RK1 w - - 0 12,-280.65541554053476
rnbq1rk1/ppp1bppp/3p1n2/8/2PP4/2N1PN2/PP3PPP/R1BQ1RK1 w - - 0 9,391.6472866820883
r1bqkbnr/pppp1ppp/2n5/4p3/2B1P3/5N2/PPPP1PPP/RNBQK2R w KQkq - 2 3,-453.52850231522723
r2q1rk1/pp1b1pbp/2n2np1/2p5/2P1P3/2N1BPN1/PP1QB1BP/R4RK1 w - - 0 12,-91.77914728795344
rnbq1rk1/ppp1bppp/3p1n2/8/2PP4/2N1PN2/PP3PPP/R1BQ1RK1 w - - 0 9,116.65003374731634
rnbq1rk1/ppp1bppp/3p1n2/8/2PP4/2N1PN2/PP3PPP/R1BQ1RK1 w - - 0 9,-203.68932865923807
r2q1rk1/pp1b1pbp/2n2np1/2p5/2P1P3/2N1BPN1/PP1QB1BP/R4RK1 w - - 0 12,-385.59047294747404
rnbqkbnr/pppppppp/8/8/8/8/PPPPPPPP/RNBQKBNR w KQkq - 0 1,393.59989131433497
8/8/8/8/8/8/8/8 w - - 0 1,26.885845269745914
r1bqkbnr/pppp1ppp/2n5/4p3/2B1P3/5N2/PPPP1PPP/RNBQK2R w KQkq - 2 3,151.97535886395463
8/8/8/8/8/8/8/8 w - - 0 1,188.41500552760476
rnbqkbnr/pppppppp/8/8/8/8/PPPPPPPP/RNBQKBNR w KQkq - 0 1,-316.0915766223156
rnbqkbnr/pppppppp/8/8/8/8/PPPPPPPP/RNBQKBNR w KQkq - 0 1,-93.25639873493799
r1bqkbnr/pppp1ppp/2n5/4p3/2B1P3/5N2/PPPP1PPP/RNBQK2R w KQkq - 2 3,-326.76652507880203
r1bqkbnr/pppp1ppp/2n5/4p3/2B1P3/5N2/PPPP1PPP/RNBQK2R w KQkq - 2 3,203.55511195576742
rnbq1rk1/ppp1bppp/3p1n2/8/2PP4/2N1PN2/PP3PPP/R1BQ1RK1 w - - 0 9,153.6829753946281
rnbq1rk1/ppp1bppp/3p1n2/8/2PP4/2N1PN2/PP3PPP/R1BQ1RK1 w - - 0 9,368.8638612845265
r1bqkbnr/pppp1ppp/2n5/4p3/2B1P3/5N2/PPPP1PPP/RNBQK2R w KQkq - 2 3,-3.2554464958273
r1bqkbnr/pppp1ppp/2n5/4p3/2B1P3/5N2/PPPP1PPP/RNBQK2R w KQkq - 2 3,-419.90206718296633
rnbq1rk1/ppp1bppp/3p1n2/8/2PP4/2N1PN2/PP3PPP/R1BQ1RK1 w - - 0 9,-209.3516025677199
r2q1rk1/pp1b1pbp/2n2np1/2p5/2P1P3/2N1BPN1/PP1QB1BP/R4RK1 w - - 0 12,-217.9411909433676
r1bqkbnr/pppp1ppp/2n5/4p3/2B1P3/5N2/PPPP1PPP/RNBQK2R w KQkq - 2 3,400.9864637647843
rnbq1rk1/ppp1bppp/3p1n2/8/2PP4/2N1PN2/PP3PPP/R1BQ1RK1 w - - 0 9,-290.64550695379154
8/8/8/8/8/8/8/8 w - - 0 1,-326.9329439423966
rnbqkbnr/pppppppp/8/8/8/8/PPPPPPPP/RNBQKBNR w KQkq - 0 1,-449.86070125508826
r2q1rk1/pp1b1pbp/2n2np1/2p5/2P1P3/2N1BPN1/PP1QB1BP/R4RK1 w - - 0 12,390.8679293726442
r2q1rk1/pp1b1pbp/2n2np1/2p5/2P1P3/2N1BPN1/PP1QB1BP/R4RK1 w - - 0 12,-234.55305111476218
rnbqkbnr/pppppppp/8/8/8/8/PPPPPPPP/RNBQKBNR w KQkq - 0 1,-419.73707176605546
8/8/8/8/8/8/8/8 w - - 0 1,241.73662832917785
rnbqkbnr/pppppppp/8/8/8/8/PPPPPPPP/RNBQKBNR w KQkq - 0 1,-270.3273422562874
r2q1rk1/pp1b1pbp/2n2np1/2p5/2P1P3/2N1BPN1/PP1QB1BP/R4RK1 w - - 0 12,-163.27395485500807
rnbq1rk1/ppp1bppp/3p1n2/8/2PP4/2N1PN2/PP3PPP/R1BQ1RK1 w - - 0 9,379.5261343242114
rnbq1rk1/ppp1bppp/3p1n2/8/2PP4/2N1PN2/PP3PPP/R1BQ1RK1 w - - 0 9,-407.0176366605762
r1bqkbnr/pppp1ppp/2n5/4p3/2B1P3/5N2/PPPP1PPP/RNBQK2R w KQkq - 2 3,346.36802604911395
r2q1rk1/pp1b1pbp/2n2np1/2p5/2P1P3/2N1BPN1/PP1QB1BP/R4RK1 w - - 0 12,433.1035344942104
rnbq1rk1/ppp1bppp/3p1n2/8/2PP4/2N1PN2/PP3PPP/R1BQ1RK1 w - - 0 9,-250.99531077685887
